Workbook

Sheet Instrucciones
A1: PLANILLA COLABORATIVA DE MEZCLAS HISTÓRICAS
B2: Para calibrar el Dosificador de mezclas asfálticas con diseños del laboratorio.
A4: Cómo cargar | B4: 1. Ir a la hoja 'Mezclas'. Cada fila es una mezcla.
B5: 2. Elegir el tipo de mezcla en la columna B (CAC D 12, CAC D 19, MAC F8, MAC F10, CAD 12, SMA 10, SMA 12, SMA 19).
B6: 3. Las celdas de la fila se colorean según lo que corresponde a ese tipo:
A7: Obligatorio (falta) | B7: dato obligatorio todavía vacío
A8: Obligatorio | B8: dato obligatorio ya cargado
A9: Recomendado | B9: dato de los agregados o del ligante que pide el pliego
A10: No aplica | B10: no corresponde a ese tipo de mezcla: dejar vacío
B11: 4. La columna 'Estado' indica si la mezcla está completa o cuántos datos obligatorios faltan.
A13: Qué datos cargar | B13: Granulometría: la de la MEZCLA de agregados (fórmula de obra), no la de cada fracción.
B14: Serie Marshall: todos los contenidos ensayados (mínimo 3, ideal 5), no sólo el óptimo.
B15: Números con coma decimal. Pasando el mouse por un encabezado se ve la norma o una aclaración.
B16: Completar 'Aportado por' con el nombre de quien carga la mezcla.
B17: No modificar la hoja 'Requisitos' ni insertar o borrar columnas.
A19: Uso en el programa | B19: Pestaña 5 → 'Importar tabla de recopilación...' y elegir este archivo.

Sheet Mezclas
A1: Elegir el tipo en la columna B | D1: Identificación | J1: Granulometría de la mezcla de agregados (% que pasa, IRAM 1505) | T1: Serie Marshall - contenido 1 | AD1: Serie Marshall - contenido 2 | AN1: Serie Marshall - contenido 3 | AX1: Serie Marshall - contenido 4 | BH1: Serie Marshall - contenido 5 | BR1: Óptimo | BS1: Agregados y ligante (según pliego)
A2: Mezcla | B2: Tipo de mezcla | C2: Estado | D2: Obra / informe | E2: Aportado por | F2: Capa (R/B) | G2: Tránsito (T1-T4) | H2: Ligante (CA-30, AM-3...) | I2: Fibras (% s/mezcla) | J2: 25 mm (1") | K2: 19 mm (3/4") | L2: 12,5 mm (1/2") | M2: 9,5 mm (3/8") | N2: 6,3 mm (1/4") | O2: 4,75 mm (N° 4) | P2: 2,36 mm (N° 8) | Q2: 600 µm (N° 30) | R2: 300 µm (N° 50) | S2: 75 µm (N° 200) | T2: C1 %CA | U2: C1 Gmb | V2: C1 Gmm | W2: C1 Va (%) | X2: C1 VAM (%) | Y2: C1 RBV (%) | Z2: C1 Estab. (kN) | AA2: C1 Fluencia (mm) | AB2: C1 Cántabro seco (%) | AC2: C1 Cántabro húm. (%) | AD2: C2 %CA | AE2: C2 Gmb | AF2: C2 Gmm | AG2: C2 Va (%) | AH2: C2 VAM (%) | AI2: C2 RBV (%) | AJ2: C2 Estab. (kN) | AK2: C2 Fluencia (mm) | AL2: C2 Cántabro seco (%) | AM2: C2 Cántabro húm. (%) | AN2: C3 %CA | AO2: C3 Gmb | AP2: C3 Gmm | AQ2: C3 Va (%) | AR2: C3 VAM (%) | AS2: C3 RBV (%) | AT2: C3 Estab. (kN) | AU2: C3 Fluencia (mm) | AV2: C3 Cántabro seco (%) | AW2: C3 Cántabro húm. (%) | AX2: C4 %CA | AY2: C4 Gmb | AZ2: C4 Gmm | BA2: C4 Va (%) | BB2: C4 VAM (%) | BC2: C4 RBV (%) | BD2: C4 Estab. (kN) | BE2: C4 Fluencia (mm) | BF2: C4 Cántabro seco (%) | BG2: C4 Cántabro húm. (%) | BH2: C5 %CA | BI2: C5 Gmb | BJ2: C5 Gmm | BK2: C5 Va (%) | BL2: C5 VAM (%) | BM2: C5 RBV (%) | BN2: C5 Estab. (kN) | BO2: C5 Fluencia (mm) | BP2: C5 Cántabro seco (%) | BQ2: C5 Cántabro húm. (%) | BR2: %CA óptimo adoptado | BS2: Gsb agregado combinado | BT2: Absorción agregado combinado (%) | BU2: % agregado no triturado | BV2: % cal hidratada | BW2: Densidad filler de aporte (g/cm³) | BX2: Cs del filler | BY2: VCA varillado fracción gruesa (%) | BZ2: Densidad del ligante | CA2: Observaciones
A3: Mezcla 1 | C3: =IF($B3="","",IFERROR(IF(SUMPRODUCT((INDEX(Requisitos!$D$3:$CA$10,MATCH($B3,Requisitos!$B$3:$B$10,0),0)="Obligatorio")*(LEN($D3:$CA3)=0))=0,"Completa","Faltan "&SUMPRODUCT((INDEX(Requisitos!$D$3:$CA$10,MATCH($B3,Requisitos!$B$3:$B$10,0),0)="Obligatorio")*(LEN($D3:$CA3)=0))),"Tipo no válido"))
A4: Mezcla 2 | C4: =IF($B4="","",IFERROR(IF(SUMPRODUCT((INDEX(Requisitos!$D$3:$CA$10,MATCH($B4,Requisitos!$B$3:$B$10,0),0)="Obligatorio")*(LEN($D4:$CA4)=0))=0,"Completa","Faltan "&SUMPRODUCT((INDEX(Requisitos!$D$3:$CA$10,MATCH($B4,Requisitos!$B$3:$B$10,0),0)="Obligatorio")*(LEN($D4:$CA4)=0))),"Tipo no válido"))
A5: Mezcla 3 | C5: =IF($B5="","",IFERROR(IF(SUMPRODUCT((INDEX(Requisitos!$D$3:$CA$10,MATCH($B5,Requisitos!$B$3:$B$10,0),0)="Obligatorio")*(LEN($D5:$CA5)=0))=0,"Completa","Faltan "&SUMPRODUCT((INDEX(Requisitos!$D$3:$CA$10,MATCH($B5,Requisitos!$B$3:$B$10,0),0)="Obligatorio")*(LEN($D5:$CA5)=0))),"Tipo no válido"))
A6: Mezcla 4 | C6: =IF($B6="","",IFERROR(IF(SUMPRODUCT((INDEX(Requisitos!$D$3:$CA$10,MATCH($B6,Requisitos!$B$3:$B$10,0),0)="Obligatorio")*(LEN($D6:$CA6)=0))=0,"Completa","Faltan "&SUMPRODUCT((INDEX(Requisitos!$D$3:$CA$10,MATCH($B6,Requisitos!$B$3:$B$10,0),0)="Obligatorio")*(LEN($D6:$CA6)=0))),"Tipo no válido"))
A7: Mezcla 5 | C7: =IF($B7="","",IFERROR(IF(SUMPRODUCT((INDEX(Requisitos!$D$3:$CA$10,MATCH($B7,Requisitos!$B$3:$B$10,0),0)="Obligatorio")*(LEN($D7:$CA7)=0))=0,"Completa","Faltan "&SUMPRODUCT((INDEX(Requisitos!$D$3:$CA$10,MATCH($B7,Requisitos!$B$3:$B$10,0),0)="Obligatorio")*(LEN($D7:$CA7)=0))),"Tipo no válido"))
A8: Mezcla 6 | C8: =IF($B8="","",IFERROR(IF(SUMPRODUCT((INDEX(Requisitos!$D$3:$CA$10,MATCH($B8,Requisitos!$B$3:$B$10,0),0)="Obligatorio")*(LEN($D8:$CA8)=0))=0,"Completa","Faltan "&SUMPRODUCT((INDEX(Requisitos!$D$3:$CA$10,MATCH($B8,Requisitos!$B$3:$B$10,0),0)="Obligatorio")*(LEN($D8:$CA8)=0))),"Tipo no válido"))
A9: Mezcla 7 | C9: =IF($B9="","",IFERROR(IF(SUMPRODUCT((INDEX(Requisitos!$D$3:$CA$10,MATCH($B9,Requisitos!$B$3:$B$10,0),0)="Obligatorio")*(LEN($D9:$CA9)=0))=0,"Completa","Faltan "&SUMPRODUCT((INDEX(Requisitos!$D$3:$CA$10,MATCH($B9,Requisitos!$B$3:$B$10,0),0)="Obligatorio")*(LEN($D9:$CA9)=0))),"Tipo no válido"))
A10: Mezcla 8 | C10: =IF($B10="","",IFERROR(IF(SUMPRODUCT((INDEX(Requisitos!$D$3:$CA$10,MATCH($B10,Requisitos!$B$3:$B$10,0),0)="Obligatorio")*(LEN($D10:$CA10)=0))=0,"Completa","Faltan "&SUMPRODUCT((INDEX(Requisitos!$D$3:$CA$10,MATCH($B10,Requisitos!$B$3:$B$10,0),0)="Obligatorio")*(LEN($D10:$CA10)=0))),"Tipo no válido"))
A11: Mezcla 9 | C11: =IF($B11="","",IFERROR(IF(SUMPRODUCT((INDEX(Requisitos!$D$3:$CA$10,MATCH($B11,Requisitos!$B$3:$B$10,0),0)="Obligatorio")*(LEN($D11:$CA11)=0))=0,"Completa","Faltan "&SUMPRODUCT((INDEX(Requisitos!$D$3:$CA$10,MATCH($B11,Requisitos!$B$3:$B$10,0),0)="Obligatorio")*(LEN($D11:$CA11)=0))),"Tipo no válido"))
A12: Mezcla 10 | C12: =IF($B12="","",IFERROR(IF(SUMPRODUCT((INDEX(Requisitos!$D$3:$CA$10,MATCH($B12,Requisitos!$B$3:$B$10,0),0)="Obligatorio")*(LEN($D12:$CA12)=0))=0,"Completa","Faltan "&SUMPRODUCT((INDEX(Requisitos!$D$3:$CA$10,MATCH($B12,Requisitos!$B$3:$B$10,0),0)="Obligatorio")*(LEN($D12:$CA12)=0))),"Tipo no válido"))
A13: Mezcla 11 | C13: =IF($B13="","",IFERROR(IF(SUMPRODUCT((INDEX(Requisitos!$D$3:$CA$10,MATCH($B13,Requisitos!$B$3:$B$10,0),0)="Obligatorio")*(LEN($D13:$CA13)=0))=0,"Completa","Faltan "&SUMPRODUCT((INDEX(Requisitos!$D$3:$CA$10,MATCH($B13,Requisitos!$B$3:$B$10,0),0)="Obligatorio")*(LEN($D13:$CA13)=0))),"Tipo no válido"))
A14: Mezcla 12 | C14: =IF($B14="","",IFERROR(IF(SUMPRODUCT((INDEX(Requisitos!$D$3:$CA$10,MATCH($B14,Requisitos!$B$3:$B$10,0),0)="Obligatorio")*(LEN($D14:$CA14)=0))=0,"Completa","Faltan "&SUMPRODUCT((INDEX(Requisitos!$D$3:$CA$10,MATCH($B14,Requisitos!$B$3:$B$10,0),0)="Obligatorio")*(LEN($D14:$CA14)=0))),"Tipo no válido"))
... A302: Mezcla 300 | C302: =IF($B302="","",IFERROR(IF(SUMPRODUCT((INDEX(Requisitos!$D$3:$CA$10,MATCH($B302,Requisitos!$B$3:$B$10,0),0)="Obligatorio")*(LEN($D302:$CA302)=0))=0,"Completa","Faltan "&SUMPRODUCT((INDEX(Requisitos!$D$3:$CA$10,MATCH($B302,Requisitos!$B$3:$B$10,0),0)="Obligatorio")*(LEN($D302:$CA302)=0))),"Tipo no válido"))

Sheet Requisitos
A1: No modificar | D1: Identificación | J1: Granulometría de la mezcla de agregados (% que pasa, IRAM 1505) | T1: Serie Marshall - contenido 1 | AD1: Serie Marshall - contenido 2 | AN1: Serie Marshall - contenido 3 | AX1: Serie Marshall - contenido 4 | BH1: Serie Marshall - contenido 5 | BR1: Óptimo | BS1: Agregados y ligante (según pliego)
A2: Mezcla | B2: Tipo de mezcla | C2: Estado | D2: Obra / informe | E2: Aportado por | F2: Capa (R/B) | G2: Tránsito (T1-T4) | H2: Ligante (CA-30, AM-3...) | I2: Fibras (% s/mezcla) | J2: 25 mm (1") | K2: 19 mm (3/4") | L2: 12,5 mm (1/2") | M2: 9,5 mm (3/8") | N2: 6,3 mm (1/4") | O2: 4,75 mm (N° 4) | P2: 2,36 mm (N° 8) | Q2: 600 µm (N° 30) | R2: 300 µm (N° 50) | S2: 75 µm (N° 200) | T2: C1 %CA | U2: C1 Gmb | V2: C1 Gmm | W2: C1 Va (%) | X2: C1 VAM (%) | Y2: C1 RBV (%) | Z2: C1 Estab. (kN) | AA2: C1 Fluencia (mm) | AB2: C1 Cántabro seco (%) | AC2: C1 Cántabro húm. (%) | AD2: C2 %CA | AE2: C2 Gmb | AF2: C2 Gmm | AG2: C2 Va (%) | AH2: C2 VAM (%) | AI2: C2 RBV (%) | AJ2: C2 Estab. (kN) | AK2: C2 Fluencia (mm) | AL2: C2 Cántabro seco (%) | AM2: C2 Cántabro húm. (%) | AN2: C3 %CA | AO2: C3 Gmb | AP2: C3 Gmm | AQ2: C3 Va (%) | AR2: C3 VAM (%) | AS2: C3 RBV (%) | AT2: C3 Estab. (kN) | AU2: C3 Fluencia (mm) | AV2: C3 Cántabro seco (%) | AW2: C3 Cántabro húm. (%) | AX2: C4 %CA | AY2: C4 Gmb | AZ2: C4 Gmm | BA2: C4 Va (%) | BB2: C4 VAM (%) | BC2: C4 RBV (%) | BD2: C4 Estab. (kN) | BE2: C4 Fluencia (mm) | BF2: C4 Cántabro seco (%) | BG2: C4 Cántabro húm. (%) | BH2: C5 %CA | BI2: C5 Gmb | BJ2: C5 Gmm | BK2: C5 Va (%) | BL2: C5 VAM (%) | BM2: C5 RBV (%) | BN2: C5 Estab. (kN) | BO2: C5 Fluencia (mm) | BP2: C5 Cántabro seco (%) | BQ2: C5 Cántabro húm. (%) | BR2: %CA óptimo adoptado | BS2: Gsb agregado combinado | BT2: Absorción agregado combinado (%) | BU2: % agregado no triturado | BV2: % cal hidratada | BW2: Densidad filler de aporte (g/cm³) | BX2: Cs del filler | BY2: VCA varillado fracción gruesa (%) | BZ2: Densidad del ligante | CA2: Observaciones
A3: CAC_12 | B3: CAC D 12 | D3: Obligatorio | E3: Recomendado | F3: Obligatorio | G3: Obligatorio | H3: Obligatorio | I3: - | J3: - | K3: Obligatorio | L3: Obligatorio | M3: Obligatorio | N3: - | O3: Obligatorio | P3: Obligatorio | Q3: Obligatorio | R3: Obligatorio | S3: Obligatorio | T3: Obligatorio | U3: Obligatorio | V3: Obligatorio | W3: Obligatorio | X3: Obligatorio | Y3: Obligatorio | Z3: Obligatorio | AA3: Obligatorio | AB3: - | AC3: - | AD3: Obligatorio | AE3: Obligatorio | AF3: Obligatorio | AG3: Obligatorio | AH3: Obligatorio | AI3: Obligatorio | AJ3: Obligatorio | AK3: Obligatorio | AL3: - | AM3: - | AN3: Obligatorio | AO3: Obligatorio | AP3: Obligatorio | AQ3: Obligatorio | AR3: Obligatorio | AS3: Obligatorio | AT3: Obligatorio | AU3: Obligatorio | AV3: - | AW3: - | AX3: Recomendado | AY3: Recomendado | AZ3: Recomendado | BA3: Recomendado | BB3: Recomendado | BC3: Recomendado | BD3: Recomendado | BE3: Recomendado | BF3: - | BG3: - | BH3: Recomendado | BI3: Recomendado | BJ3: Recomendado | BK3: Recomendado | BL3: Recomendado | BM3: Recomendado | BN3: Recomendado | BO3: Recomendado | BP3: - | BQ3: - | BR3: Obligatorio | BS3: Recomendado | BT3: Recomendado | BU3: Recomendado | BV3: Recomendado | BW3: Recomendado | BX3: Recomendado | BY3: - | BZ3: Recomendado | CA3: Recomendado
A4: CAC_19 | B4: CAC D 19 | D4: Obligatorio | E4: Recomendado | F4: Obligatorio | G4: Obligatorio | H4: Obligatorio | I4: - | J4: Obligatorio | K4: Obligatorio | L4: - | M4: Obligatorio | N4: - | O4: Obligatorio | P4: Obligatorio | Q4: Obligatorio | R4: Obligatorio | S4: Obligatorio | T4: Obligatorio | U4: Obligatorio | V4: Obligatorio | W4: Obligatorio | X4: Obligatorio | Y4: Obligatorio | Z4: Obligatorio | AA4: Obligatorio | AB4: - | AC4: - | AD4: Obligatorio | AE4: Obligatorio | AF4: Obligatorio | AG4: Obligatorio | AH4: Obligatorio | AI4: Obligatorio | AJ4: Obligatorio | AK4: Obligatorio | AL4: - | AM4: - | AN4: Obligatorio | AO4: Obligatorio | AP4: Obligatorio | AQ4: Obligatorio | AR4: Obligatorio | AS4: Obligatorio | AT4: Obligatorio | AU4: Obligatorio | AV4: - | AW4: - | AX4: Recomendado | AY4: Recomendado | AZ4: Recomendado | BA4: Recomendado | BB4: Recomendado | BC4: Recomendado | BD4: Recomendado | BE4: Recomendado | BF4: - | BG4: - | BH4: Recomendado | BI4: Recomendado | BJ4: Recomendado | BK4: Recomendado | BL4: Recomendado | BM4: Recomendado | BN4: Recomendado | BO4: Recomendado | BP4: - | BQ4: - | BR4: Obligatorio | BS4: Recomendado | BT4: Recomendado | BU4: Recomendado | BV4: Recomendado | BW4: Recomendado | BX4: Recomendado | BY4: - | BZ4: Recomendado | CA4: Recomendado
A5: MAC_F8 | B5: MAC F8 | D5: Obligatorio | E5: Recomendado | F5: - | G5: - | H5: Obligatorio | I5: - | J5: - | K5: - | L5: - | M5: Obligatorio | N5: Obligatorio | O5: Obligatorio | P5: Obligatorio | Q5: Obligatorio | R5: - | S5: Obligatorio | T5: Obligatorio | U5: Obligatorio | V5: Obligatorio | W5: Obligatorio | X5: Obligatorio | Y5: Obligatorio | Z5: - | AA5: - | AB5: - | AC5: - | AD5: Obligatorio | AE5: Obligatorio | AF5: Obligatorio | AG5: Obligatorio | AH5: Obligatorio | AI5: Obligatorio | AJ5: - | AK5: - | AL5: - | AM5: - | AN5: Obligatorio | AO5: Obligatorio | AP5: Obligatorio | AQ5: Obligatorio | AR5: Obligatorio | AS5: Obligatorio | AT5: - | AU5: - | AV5: - | AW5: - | AX5: Recomendado | AY5: Recomendado | AZ5: Recomendado | BA5: Recomendado | BB5: Recomendado | BC5: Recomendado | BD5: - | BE5: - | BF5: - | BG5: - | BH5: Recomendado | BI5: Recomendado | BJ5: Recomendado | BK5: Recomendado | BL5: Recomendado | BM5: Recomendado | BN5: - | BO5: - | BP5: - | BQ5: - | BR5: Obligatorio | BS5: Recomendado | BT5: Recomendado | BU5: Recomendado | BV5: Recomendado | BW5: Recomendado | BX5: - | BY5: - | BZ5: Recomendado | CA5: Recomendado
A6: MAC_F10 | B6: MAC F10 | D6: Obligatorio | E6: Recomendado | F6: - | G6: - | H6: Obligatorio | I6: - | J6: - | K6: - | L6: Obligatorio | M6: Obligatorio | N6: Obligatorio | O6: Obligatorio | P6: Obligatorio | Q6: Obligatorio | R6: - | S6: Obligatorio | T6: Obligatorio | U6: Obligatorio | V6: Obligatorio | W6: Obligatorio | X6: Obligatorio | Y6: Obligatorio | Z6: - | AA6: - | AB6: - | AC6: - | AD6: Obligatorio | AE6: Obligatorio | AF6: Obligatorio | AG6: Obligatorio | AH6: Obligatorio | AI6: Obligatorio | AJ6: - | AK6: - | AL6: - | AM6: - | AN6: Obligatorio | AO6: Obligatorio | AP6: Obligatorio | AQ6: Obligatorio | AR6: Obligatorio | AS6: Obligatorio | AT6: - | AU6: - | AV6: - | AW6: - | AX6: Recomendado | AY6: Recomendado | AZ6: Recomendado | BA6: Recomendado | BB6: Recomendado | BC6: Recomendado | BD6: - | BE6: - | BF6: - | BG6: - | BH6: Recomendado | BI6: Recomendado | BJ6: Recomendado | BK6: Recomendado | BL6: Recomendado | BM6: Recomendado | BN6: - | BO6: - | BP6: - | BQ6: - | BR6: Obligatorio | BS6: Recomendado | BT6: Recomendado | BU6: Recomendado | BV6: Recomendado | BW6: Recomendado | BX6: - | BY6: - | BZ6: Recomendado | CA6: Recomendado
A7: CAD_12 | B7: CAD 12 | D7: Obligatorio | E7: Recomendado | F7: - | G7: - | H7: Obligatorio | I7: Obligatorio | J7: - | K7: - | L7: Obligatorio | M7: Obligatorio | N7: - | O7: Obligatorio | P7: Obligatorio | Q7: Obligatorio | R7: - | S7: Obligatorio | T7: Obligatorio | U7: Obligatorio | V7: Obligatorio | W7: Obligatorio | X7: - | Y7: - | Z7: - | AA7: - | AB7: Obligatorio | AC7: Obligatorio | AD7: Obligatorio | AE7: Obligatorio | AF7: Obligatorio | AG7: Obligatorio | AH7: - | AI7: - | AJ7: - | AK7: - | AL7: Obligatorio | AM7: Obligatorio | AN7: Obligatorio | AO7: Obligatorio | AP7: Obligatorio | AQ7: Obligatorio | AR7: - | AS7: - | AT7: - | AU7: - | AV7: Obligatorio | AW7: Obligatorio | AX7: Recomendado | AY7: Recomendado | AZ7: Recomendado | BA7: Recomendado | BB7: - | BC7: - | BD7: - | BE7: - | BF7: Recomendado | BG7: Recomendado | BH7: Recomendado | BI7: Recomendado | BJ7: Recomendado | BK7: Recomendado | BL7: - | BM7: - | BN7: - | BO7: - | BP7: Recomendado | BQ7: Recomendado | BR7: Obligatorio | BS7: Obligatorio | BT7: Recomendado | BU7: Recomendado | BV7: Recomendado | BW7: Recomendado | BX7: - | BY7: - | BZ7: Recomendado | CA7: Recomendado
A8: SMA_10 | B8: SMA 10 | D8: Obligatorio | E8: Recomendado | F8: Obligatorio | G8: - | H8: Obligatorio | I8: Obligatorio | J8: - | K8: - | L8: Obligatorio | M8: Obligatorio | N8: - | O8: Obligatorio | P8: Obligatorio | Q8: - | R8: - | S8: Obligatorio | T8: Obligatorio | U8: Obligatorio | V8: Obligatorio | W8: Obligatorio | X8: Obligatorio | Y8: Obligatorio | Z8: - | AA8: - | AB8: - | AC8: - | AD8: Obligatorio | AE8: Obligatorio | AF8: Obligatorio | AG8: Obligatorio | AH8: Obligatorio | AI8: Obligatorio | AJ8: - | AK8: - | AL8: - | AM8: - | AN8: Obligatorio | AO8: Obligatorio | AP8: Obligatorio | AQ8: Obligatorio | AR8: Obligatorio | AS8: Obligatorio | AT8: - | AU8: - | AV8: - | AW8: - | AX8: Recomendado | AY8: Recomendado | AZ8: Recomendado | BA8: Recomendado | BB8: Recomendado | BC8: Recomendado | BD8: - | BE8: - | BF8: - | BG8: - | BH8: Recomendado | BI8: Recomendado | BJ8: Recomendado | BK8: Recomendado | BL8: Recomendado | BM8: Recomendado | BN8: - | BO8: - | BP8: - | BQ8: - | BR8: Obligatorio | BS8: Recomendado | BT8: Recomendado | BU8: Recomendado | BV8: Recomendado | BW8: Recomendado | BX8: - | BY8: Recomendado | BZ8: Recomendado | CA8: Recomendado
A9: SMA_12 | B9: SMA 12 | D9: Obligatorio | E9: Recomendado | F9: Obligatorio | G9: - | H9: Obligatorio | I9: Obligatorio | J9: - | K9: Obligatorio | L9: Obligatorio | M9: Obligatorio | N9: - | O9: Obligatorio | P9: Obligatorio | Q9: - | R9: - | S9: Obligatorio | T9: Obligatorio | U9: Obligatorio | V9: Obligatorio | W9: Obligatorio | X9: Obligatorio | Y9: Obligatorio | Z9: - | AA9: - | AB9: - | AC9: - | AD9: Obligatorio | AE9: Obligatorio | AF9: Obligatorio | AG9: Obligatorio | AH9: Obligatorio | AI9: Obligatorio | AJ9: - | AK9: - | AL9: - | AM9: - | AN9: Obligatorio | AO9: Obligatorio | AP9: Obligatorio | AQ9: Obligatorio | AR9: Obligatorio | AS9: Obligatorio | AT9: - | AU9: - | AV9: - | AW9: - | AX9: Recomendado | AY9: Recomendado | AZ9: Recomendado | BA9: Recomendado | BB9: Recomendado | BC9: Recomendado | BD9: - | BE9: - | BF9: - | BG9: - | BH9: Recomendado | BI9: Recomendado | BJ9: Recomendado | BK9: Recomendado | BL9: Recomendado | BM9: Recomendado | BN9: - | BO9: - | BP9: - | BQ9: - | BR9: Obligatorio | BS9: Recomendado | BT9: Recomendado | BU9: Recomendado | BV9: Recomendado | BW9: Recomendado | BX9: - | BY9: Recomendado | BZ9: Recomendado | CA9: Recomendado
A10: SMA_19 | B10: SMA 19 | D10: Obligatorio | E10: Recomendado | F10: Obligatorio | G10: - | H10: Obligatorio | I10: Obligatorio | J10: - | K10: Obligatorio | L10: Obligatorio | M10: Obligatorio | N10: - | O10: Obligatorio | P10: Obligatorio | Q10: - | R10: - | S10: Obligatorio | T10: Obligatorio | U10: Obligatorio | V10: Obligatorio | W10: Obligatorio | X10: Obligatorio | Y10: Obligatorio | Z10: - | AA10: - | AB10: - | AC10: - | AD10: Obligatorio | AE10: Obligatorio | AF10: Obligatorio | AG10: Obligatorio | AH10: Obligatorio | AI10: Obligatorio | AJ10: - | AK10: - | AL10: - | AM10: - | AN10: Obligatorio | AO10: Obligatorio | AP10: Obligatorio | AQ10: Obligatorio | AR10: Obligatorio | AS10: Obligatorio | AT10: - | AU10: - | AV10: - | AW10: - | AX10: Recomendado | AY10: Recomendado | AZ10: Recomendado | BA10: Recomendado | BB10: Recomendado | BC10: Recomendado | BD10: - | BE10: - | BF10: - | BG10: - | BH10: Recomendado | BI10: Recomendado | BJ10: Recomendado | BK10: Recomendado | BL10: Recomendado | BM10: Recomendado | BN10: - | BO10: - | BP10: - | BQ10: - | BR10: Obligatorio | BS10: Recomendado | BT10: Recomendado | BU10: Recomendado | BV10: Recomendado | BW10: Recomendado | BX10: - | BY10: Recomendado | BZ10: Recomendado | CA10: Recomendado
